Title,Price
Red Bull Energy Drink 250 ml (24 Pack) Mixed Fruit,2700
Red Bull Yellow Edition-Tropical Fruit Flavor (250 Ml)-Pack Of 24Vegetarian,2550
Red Bull Energy Drink Mixed fruit 350 Ml (24 Pack),3564
O'CEAN Energy Drink enriched with natural caffeine glucose & vitamins| 250ml | Pack of 24 - Virat Edition Energy Drink,1560
Ounce Instant Energy Drink Powder + Electrolyte Powder - 20 On-The-Go Caffeine + Electrolytes No Sugar Drink Mix Sachet boosted with Vitamin B12 Powder Biotin for Hair Antioxidants & Multivitamins,289
Herbalife Afresh Energy Drink Mix - 50 g (Lemon),499
Fast&Up Reload (5 Litres) Low Sugar energy drink for Instant Hydration- 20 Effervescent Tablets with all 5 Essential Electrolytes + Added Vitamins -Certified Electrolytes Drink- Lime and Lemon flavour,269
Red Bull Yellow Edition-Tropical Fruit Flavor (250 Ml)-Pack Of 24Vegetarian,2550
Red Bull Energy Drink Mixed fruit 350 Ml (24 Pack),3564
Wild Buck Isotonic Instant Energy Drink Formula Extended Workout Electrolyte Drink with Anabolic Stack 2:1:1 BCAA Dextrose Monohydrate | 833mg Electrolytes [32 Servings Orange Flavor] Free Shaker,549
,
Sting Energy Drink Bottle 250 ml Strawberry,20
Glucon-D Tangy Orange Glucose Powder (1kg Refill)| Tasty Orange Flavoured Glucose Drink| Provides Instant Energy| Vitamin C Boosts Immunity Calcium for Intense Bone,330
MuscleBlaze Fuel One Sports Hydr8 Isotonic Instant Energy Formula for Rapid Rehydration (Orange 1 kg),599
HERBALIFE Afresh Energy Drink - Lemon Flavor & Tulsi Flavor For Weight Loss Energy Drink��(50 g Lemon Tulsi Flavored),967
Smash Energy Drink | 250ML | Buy 6 Get 2 Free,360
Herbalife 2 Afresh Energy Drink Mix | Lemon and Elaichi Flavor | Each 50 GM Men and Women in Pack of 2,953
Sting Energy Drink 250ml Can,2700
Gatorade Sports Drink - Lemon Flavor Bottle 500 ml,32
Budweiser Hurricane Energy Drink 250Ml Pack of 24,50
Glucon-D Tangy Orange Glucose Powder(400g Jar)| For Tasty & Healthy Orange Flavoured Glucose Drink| Provides Instant Energy| Vitamin C Supports Immunity| Contains Calcium for Bone Health|,1283
Herbalife Nutrition Natural Tulsi Afresh Energy Drink Mix,177
O'CEAN Energy Drink Sustainable Edition 330 Ml- Enriched With Plant-Based Natural Caffeine Glucose & Vitamins|Pack Of 24 - Fresh,550
Gatorade Sports Drink - Orange Flavor 500ml Bottle,1685
Rio Boom Energy Drink Can | Caffeinated Drink Contains Caffeine Taurine Vitamin C | Pack of 12 | 250 ML,50
Wild Buck Isotonic Instant Energy Drink Formula Extended Workout Electrolyte Drink with Anabolic Stack 2:1:1 BCAA Dextrose Monohydrate | 833mg Electrolytes [32 Servings Orange Flavor] Free Shaker,470
Muscle Fibre Fibre Fuel Glucose Orange Flavour | Caffeine Based Glucose | Instant Energy | Instant Result | Amazing Taste - 1Kg,549
ElectroFizz Electrolyte Energy Drink For WorkoutSports Drink For Men&WomenEnergy SupplementInstant Hydration-40 Effervescent Tablets (Pack Of 2 Tubes) (Orange)Gluten Free,649
King Legend Energy Drink (250ml Pack of 6),425
HERBALIFE Afresh Energy Drink Mix Kashmiri Kahwa 40 g,425
Fresh Produce Monster Energy 350 ml Mixed Fruit,480
Red Bull Energy Drink 250 ml (4 Pack) Chocolate,114
HERBALIFE Afresh Energy Drink - Peach Flavor & Lemon Flavor For Weight Loss Energy Drink��(50 g Peach Lemon Flavored),469
Blunt Energy Drink 250ml - Pack of 6,938
Gatorade Sports Drink - Blue Bolt Flavour 500Ml Bottle,432
Yakult Probiotic Drink 65 ml| Pack of 5,84
Red Bull Tropical Energy Drink 250ml Can,125
Monster Energy Ultra White Energy Drink 2 X 500 Ml No Added Sugar,250
Red Bull Energy Drink Sugarfree 250 Ml (24 Pack),2700
Budweiser Beats Energy Drink 250ml (Pack of 4),396
Glucon-D Nimbu Pani Glucose Powder (450g Refill)| For Tasty Tangy Flavoured Glucose Drink| Provides Instant Energy| Vitamin C Supports Immunity| Contains Calcium for Bone,173
Glucon-D Tangy Orange Glucose Powder(450g Refill)| For Tasty Orange Flavoured Glucose Drink| Provides Instant Energy| Vitamin C Supports Immunity| Contains Calcium for Bone,199
Monster Energy Drink Vegetarian - Ultra 350Ml Mixed Fruit,125
Fast&Up Energy Gel- Zesty Lemon flavour (Caffeine free)- Pack of 5 Gel Sachets 30g per sachet- For Instant energy boost Improved endurance and performance,359
Tang Vitamin-C Enriched Instant Drink Mix Orange 500 g,157
Monster Energy Drink Combo Pack Zero Sugar(Ultra Rosa Ultra Fiesta Ultra Watermelon)500ml,749
Minute Maid Pulpy Orange Juice drink | Orange Fruit Juice drink with Real Orange Pulp | Pulpy Orange Ready-To-Serve Drink PET Bottle 1 L,90
Monster Energy Drink Zero Sugar 100% Limited Edition Lewis Hamilton Each 500ml (Pack OF 2),499
Herbalife Afresh Energy Drink Mix (Cinnamon) - 50g,499
Glucon-D Nimbu Pani Glucose Powder (1Kg)| For Tasty Tangy Flavoured Glucose Drink| Provides Instant Energy| Vitamin C Supports Immunity| Contains Calcium For Bone,363
Herbalife Afresh Energy Drink Mix Elaichi Flavor-50g (1),550
Red Bull Energy Drink 250 ml (6 Pack),800
Sting Energy Drink Can 6 X 250 ml,210
Monster Energy 4 X 350 Ml - Mixed fruit,375
Thums Up Soft Drink PET Bottle 750 ml,40
Dabur Glucose-D Juicy & Tasty - 1 kg Powder with Dabur Red Paste 200g free | Instant Energy Recharge with 99.4% Glucose | Vitamin D helps Boosts Immunity | Calcium Supports Bone Health,212
Maaza Mango Drink Original Flavour 1.2 L PET Bottle,62
Britannia Winkin Cow Thick Liquid Milkshake Vanilla Pet Bottle 180 ml,26
Glucon-D Tangy Orange Glucose Powder(200g Refill)| For Tasty Orange Flavoured Glucose Drink| Provides Instant Energy| Vitamin C Supports Immunity| Contains Calcium for Bone,79
Red Bull Energy Drink 250 ML Can Mixed Fruit,100
Steadfast Nutrition Snergy | Instant Energy & Hydration | Essential Vitamins & Minerals | Energy Drink & Pre workout Supplements for Men & Women | 20 Sachets | 45g per Sachet| 900g Watermelon Flavour,800
thenneera (Coco Nectar / Neera) A Divine Nature Drink 200ml (Green Pack of 30),1800
Beyond Water Electrolytes Sugar-Free Drink - Ginger Lime Hydration Drink (Pack of 2) Energy Drink For Workout Hangover Cure Drink Electrolyte Water Enhancer- 0 Calorie ORS Liquid | 20 Servings,550
WILD BUCK Isotonic Instant Energy Drink Formula Workout Electrolyte Energy Drink With Anabolic Stack 2:1:1 Bcaa Dextrose Monohydrate And L-Glutamine | 833Mg Electrolytes [32 Servings Mango],525
